user_id	u_age_c	u_height_f	u_weight_f	u_gender_c	u_prefer_exercises_sports_c	u_exercise_frequency_c	u_average_duration_c	u_interested_new_sports_c	u_fitness_goals_1_c	u_fitness_goals_2_c	u_fitness_goals_3_c	u_fitness_goals_4_c	u_fitness_goals_5_c	u_fitness_goals_6_c	u_fitness_goals_7_c	u_fitness_goals_8_c	u_fitness_goals_9_c	u_fitness_goals_10_c	u_fitness_goals_11_c	u_fitness_goals_12_c	u_fitness_goals_13_c	u_fitness_goals_14_c	u_fitness_goals_15_c	u_fitness_goals_16_c	u_preferred_training_types_1_c	u_preferred_training_types_2_c	u_preferred_training_types_3_c	u_preferred_training_types_4_c	u_preferred_training_types_5_c	u_preferred_training_types_6_c	u_preferred_training_types_7_c	u_preferred_training_types_8_c	u_preferred_training_types_9_c	u_preferred_training_types_10_c	u_preferred_training_types_11_c	u_preferred_training_types_12_c	u_preferred_training_types_13_c	u_intensity_level_1_c	u_intensity_level_2_c	u_intensity_level_3_c	u_intensity_level_4_c	u_time_preferences_1_c	u_time_preferences_2_c	u_time_preferences_3_c	u_seasonal_preferences_1_c	u_seasonal_preferences_2_c	u_seasonal_preferences_3_c	u_seasonal_preferences_4_c	u_best_sport_c	u_duration_years_c	u_skill_level_c
1	4	168.0	65.0	2	3	2	4	1	0	0	0	0	1	0	1	0	0	0	0	0	0	0	0	1	0	0	0	0	1	0	0	0	0	0	0	1	0	0	0	1	0	0	0	1	1	1	1	0	3	4	2
2	4	187.0	78.0	1	1	4	5	1	0	0	0	0	1	1	1	0	1	0	0	0	0	0	0	0	0	0	0	0	0	1	0	0	0	0	0	1	0	0	1	1	0	1	1	1	1	1	1	1	62	4	3
3	4	168.0	49.0	2	2	5	2	1	0	0	0	0	1	1	1	0	1	0	0	0	0	0	0	1	0	0	0	0	0	1	0	0	0	0	0	1	0	1	1	0	0	0	1	1	1	1	1	1	42	2	2
4	2	162.0	60.0	2	3	2	2	1	0	0	0	0	0	0	1	0	0	0	0	0	0	0	0	1	0	0	0	0	1	0	0	0	0	0	0	0	0	1	1	0	0	1	0	1	1	0	1	0	3	3	2
5	3	165.0	68.0	1	1	3	3	1	0	0	0	0	1	0	1	0	1	0	0	0	0	0	0	0	0	0	0	0	1	0	0	0	0	0	0	1	0	1	1	0	0	1	0	1	0	1	0	0	49	4	2
6	4	160.0	60.0	2	1	5	3	1	0	0	0	0	1	1	1	0	1	0	0	0	0	0	0	1	0	0	0	0	1	1	0	0	0	0	0	1	0	0	1	1	0	1	0	1	1	0	1	0	64	2	1
7	4	170.0	64.0	1	3	2	4	1	0	0	0	1	0	0	1	0	0	0	0	0	0	0	0	0	0	0	0	0	0	1	0	0	0	0	0	1	0	0	1	0	0	0	0	1	1	1	0	0	62	1	2
8	4	175.0	78.0	1	1	2	3	1	0	0	0	0	0	1	0	0	0	0	0	0	0	0	0	1	0	0	0	0	0	1	0	0	0	0	0	1	0	0	1	0	0	1	0	1	1	1	1	1	3	4	2
9	2	156.0	45.0	3	2	4	2	0	0	0	0	0	0	0	0	0	1	0	0	0	0	0	0	0	0	0	0	0	0	0	0	0	1	0	0	0	0	0	0	0	1	1	1	0	1	1	1	1	8	5	4
10	4	164.0	58.0	2	3	3	2	1	0	0	0	0	1	1	1	0	1	0	0	0	0	0	0	1	0	0	0	0	0	1	0	0	0	0	0	1	0	0	1	1	0	0	0	1	0	1	0	0	6	6	3
11	4	168.0	78.0	1	1	3	3	1	0	0	0	0	0	0	0	0	1	0	0	0	0	0	0	0	0	0	0	0	0	0	0	0	0	0	0	1	0	0	1	0	0	0	0	1	1	0	0	0	64	3	1
12	4	167.0	60.0	2	2	3	2	1	0	0	0	0	0	0	1	0	0	0	0	0	0	0	0	0	0	0	0	0	1	0	0	0	1	0	0	0	0	0	0	1	1	0	0	1	1	1	1	0	42	4	2
13	3	179.0	74.0	1	2	3	3	1	0	0	0	0	1	1	0	0	1	0	0	0	0	0	0	1	0	0	0	0	0	0	0	0	0	0	0	1	0	0	0	1	1	1	0	0	0	0	0	1	64	2	2
14	4	156.0	52.0	2	1	3	2	1	0	0	0	0	1	1	1	0	1	0	0	0	0	0	0	1	0	0	0	0	1	1	0	0	1	0	0	1	0	0	1	0	0	1	0	1	1	0	1	0	8	3	2
15	4	150.0	52.0	2	1	3	4	1	0	0	0	0	0	0	1	0	1	0	0	0	0	0	0	1	0	0	0	0	1	0	0	0	0	0	0	1	0	0	1	1	0	1	0	0	1	1	1	1	64	1	2
16	4	161.0	62.0	2	1	3	2	0	0	0	0	0	1	1	1	0	1	0	0	0	0	1	1	1	0	0	0	0	1	1	0	0	1	0	0	1	0	0	1	1	0	1	0	1	0	1	1	0	16	3	3
17	3	159.0	48.0	2	1	2	2	1	0	0	0	0	1	0	1	0	1	0	0	0	0	0	0	0	0	0	0	0	1	0	0	0	1	0	0	1	0	0	0	1	0	0	0	1	1	1	1	1	55	5	4
18	4	152.0	45.0	2	2	1	1	1	0	0	0	0	0	0	1	0	1	0	0	0	0	0	0	1	0	0	0	0	0	1	0	0	0	0	0	0	0	1	1	0	0	0	0	1	1	0	1	1	65	2	1
19	4	172.0	62.0	1	1	2	3	1	0	0	0	0	0	0	1	0	1	0	0	0	0	0	0	0	0	0	0	0	1	0	0	0	1	0	0	1	0	0	0	0	1	0	0	1	1	1	1	1	64	2	2
20	4	169.0	64.0	1	1	3	3	1	0	0	0	0	0	0	1	0	1	0	0	0	0	0	0	0	0	0	0	0	0	1	0	0	0	0	0	1	0	0	0	1	1	0	0	1	1	1	1	1	3	5	3
21	4	170.0	75.0	1	1	4	4	0	0	0	0	0	1	0	1	0	1	0	0	0	0	0	0	1	0	0	0	0	1	0	0	0	0	0	0	1	0	0	1	1	0	0	0	1	1	1	1	0	52	6	4
22	4	174.0	65.0	1	1	3	2	1	0	0	0	0	1	1	1	0	1	0	0	0	0	0	0	0	0	0	0	0	1	0	0	0	0	0	0	1	0	0	1	1	0	0	0	1	1	0	1	0	42	3	2
23	3	173.0	66.0	1	3	2	2	1	0	0	0	0	1	0	1	0	0	0	0	0	0	0	0	1	0	0	0	0	1	0	0	0	1	0	0	0	0	0	1	0	0	0	0	1	0	0	1	0	57	4	2
24	3	180.0	60.0	1	2	5	2	1	0	0	0	0	1	0	1	0	1	0	0	0	0	0	0	0	0	0	0	0	0	0	0	0	0	0	0	1	0	0	0	1	0	0	0	1	1	1	1	1	8	2	2
25	3	171.0	69.0	1	2	3	3	1	0	0	0	0	0	0	1	0	1	0	0	0	0	0	0	1	0	0	0	0	1	1	0	0	0	0	0	1	0	0	1	1	0	1	0	0	1	1	1	1	64	2	2
26	2	170.0	65.0	1	2	1	1	0	0	0	0	0	0	0	0	0	0	0	0	0	0	0	0	1	0	0	0	0	1	0	0	0	0	0	0	0	0	1	1	0	0	0	1	1	0	1	0	0	16	1	1
27	7	165.0	56.0	2	1	2	1	1	0	0	0	0	1	0	1	0	0	0	0	0	0	0	0	1	0	0	0	0	0	1	0	0	0	0	0	0	0	0	1	0	0	1	0	0	1	0	0	0	3	3	2
28	8	152.0	55.0	2	2	3	1	1	0	0	0	0	0	1	1	0	1	0	0	0	0	0	0	1	0	0	0	0	0	1	0	0	0	0	0	0	0	0	1	0	0	1	0	0	0	1	0	0	55	2	1
29	7	168.0	77.0	1	3	2	2	0	0	0	0	0	1	1	1	0	1	0	0	0	0	0	0	1	0	0	0	0	1	1	0	0	0	0	0	1	0	0	1	0	0	1	0	0	0	1	0	0	63	1	2
30	8	178.0	67.0	1	2	3	2	0	0	0	0	0	1	0	1	0	0	0	0	0	0	0	0	1	0	0	0	0	1	1	0	0	0	0	0	1	0	1	1	0	0	1	0	1	1	0	0	0	56	3	2
31	6	170.0	80.0	2	2	2	2	0	0	0	0	0	0	1	1	0	0	0	0	0	0	0	0	1	0	0	0	0	0	1	0	0	0	0	0	0	0	1	0	0	0	1	0	0	1	0	0	0	55	1	1
32	7	150.0	43.0	2	2	3	2	0	0	0	0	0	0	0	1	0	0	0	0	0	0	0	0	0	0	0	0	0	1	0	0	0	0	0	0	0	0	1	0	0	0	0	0	1	1	0	0	0	55	5	1
33	7	161.0	62.0	2	2	2	2	1	0	0	0	0	0	0	1	0	0	0	0	0	0	0	0	0	0	0	0	0	0	1	0	0	0	0	0	0	0	1	0	0	0	0	0	1	0	1	0	0	65	3	1
34	6	161.0	62.0	1	1	2	3	1	0	0	0	0	0	0	1	0	0	0	0	0	0	0	0	0	0	0	0	0	1	0	0	0	0	0	0	0	0	1	0	0	0	1	0	0	1	0	0	0	15	7	2
35	8	178.0	67.0	1	2	2	1	0	0	0	0	0	0	0	1	0	0	0	0	0	0	0	0	0	0	0	0	0	0	1	0	0	0	0	0	0	0	1	0	0	0	0	0	1	1	0	0	0	42	7	1
36	7	164.0	56.0	2	2	2	1	0	0	0	0	0	0	0	1	0	0	0	0	0	0	0	0	0	0	0	0	0	0	1	0	0	0	0	0	0	0	1	0	0	0	0	0	1	0	1	0	0	55	1	2
37	5	170.0	56.0	2	2	5	3	0	0	0	0	0	1	1	1	0	0	0	0	0	0	0	0	0	0	0	0	0	1	0	0	0	0	0	0	0	0	0	1	0	0	1	0	1	1	1	1	1	55	4	1
38	5	158.0	65.0	2	2	3	3	1	0	0	0	0	1	0	0	0	1	0	0	0	0	0	0	1	0	0	0	0	1	0	0	0	0	0	0	1	0	0	1	0	0	1	0	0	1	0	0	0	8	2	1
39	5	163.0	56.0	2	2	2	1	1	0	0	0	0	0	0	0	0	0	0	0	0	0	0	0	1	0	0	0	0	1	0	0	0	0	0	0	0	0	1	0	0	0	0	0	1	0	1	0	0	65	2	1
40	7	158.0	68.0	2	2	2	1	1	0	0	0	0	1	0	0	0	0	0	0	0	0	0	0	0	0	0	0	0	0	0	0	0	0	0	0	1	0	1	0	0	0	1	0	0	1	1	0	0	3	3	1
41	5	156.0	56.0	2	2	2	1	1	0	0	0	0	1	1	1	0	1	0	0	0	0	0	0	1	0	0	0	0	0	1	0	0	0	0	0	1	0	1	1	0	0	0	0	1	1	1	1	1	65	2	2
42	5	165.0	50.0	2	1	2	1	1	0	0	0	0	0	1	1	0	0	0	0	0	0	0	0	1	0	0	0	0	0	1	0	0	0	0	0	0	0	1	0	0	0	0	1	0	1	0	1	0	3	5	2
43	6	160.0	55.0	2	2	2	1	1	0	0	0	0	0	0	1	0	0	0	0	0	0	0	0	1	0	0	1	0	0	0	0	0	0	0	0	0	0	1	1	0	0	0	0	1	1	0	0	0	65	2	1
44	6	176.0	69.0	1	2	2	1	1	0	0	0	0	1	1	1	0	1	0	0	0	0	0	0	0	0	0	0	0	0	0	0	0	0	0	0	1	0	0	1	0	0	1	0	0	1	0	0	0	8	2	1
45	6	159.0	58.0	2	2	3	2	1	0	0	0	0	1	1	1	0	0	0	0	0	0	0	0	0	0	0	0	0	1	1	0	0	0	0	0	0	0	1	0	0	0	0	0	1	0	1	0	0	56	3	2
46	6	150.0	41.0	2	2	2	2	0	0	0	0	0	1	1	1	0	1	0	0	0	0	0	0	1	0	0	0	0	1	1	0	0	1	0	0	1	0	1	0	0	0	0	0	1	1	0	1	0	65	2	1
47	8	160.0	55.0	2	2	2	3	1	0	0	0	0	0	0	1	0	0	0	0	0	0	0	0	0	0	0	0	0	0	1	0	0	0	0	0	0	0	1	0	0	0	1	0	0	0	0	1	0	55	2	2
48	8	153.0	66.0	2	1	2	2	0	0	0	0	0	0	0	1	0	0	0	0	0	0	0	0	0	0	0	0	0	0	0	0	0	0	0	0	1	0	1	0	0	0	1	0	0	1	0	0	0	65	3	1
49	5	158.0	58.0	2	2	2	1	1	0	0	0	0	0	0	0	0	0	0	0	0	0	0	0	1	0	0	0	0	0	1	0	0	0	0	0	0	0	0	1	0	0	0	0	1	1	0	1	1	3	2	1
50	5	156.0	50.0	2	1	2	2	1	0	0	0	0	1	1	1	0	0	0	0	0	0	0	0	1	0	0	0	0	1	1	0	0	0	0	0	1	0	0	0	1	0	0	1	1	1	1	0	0	42	3	2
51	8	1550.0	39.0	1	2	5	2	0	0	0	0	0	1	1	1	0	0	0	0	0	0	0	0	0	0	0	0	0	1	1	0	0	0	0	0	0	0	0	1	0	0	1	0	0	1	1	1	0	35	7	1
52	6	166.0	54.0	2	1	3	2	1	0	0	0	0	0	0	1	0	0	0	0	0	0	0	0	0	0	0	0	0	0	1	0	0	0	0	0	1	0	0	1	0	0	1	0	0	1	1	1	1	62	3	1
53	6	163.0	68.0	2	1	1	1	1	0	0	0	0	1	1	1	0	1	0	0	0	0	0	0	1	0	0	0	0	0	1	0	0	0	0	0	0	0	1	0	0	0	1	0	0	1	0	0	0	55	7	3
54	5	168.0	54.0	2	1	3	2	1	0	0	0	0	0	0	1	0	0	0	0	0	0	0	0	0	0	0	0	0	0	0	1	0	0	0	0	0	0	0	0	1	0	1	0	0	1	0	0	0	65	5	2
55	8	153.0	55.0	1	1	5	3	1	0	0	0	0	1	1	1	0	1	0	0	0	0	0	0	0	0	0	0	0	1	1	0	0	0	0	0	1	0	0	1	1	0	1	0	1	1	0	1	1	22	7	3
56	8	167.0	56.0	2	2	3	2	1	0	0	0	0	0	0	1	0	0	0	0	0	0	0	0	0	0	0	0	0	0	1	0	0	0	0	0	0	0	0	1	0	0	0	0	1	0	1	0	0	65	6	3
57	8	160.0	64.0	2	2	2	1	1	0	0	0	0	0	0	1	0	0	0	0	0	0	0	0	0	0	0	0	0	0	1	0	0	0	0	0	0	0	1	0	0	0	1	0	0	1	0	0	0	65	2	1
58	6	173.0	78.0	1	2	4	2	0	0	0	0	0	0	0	0	0	0	0	0	0	0	0	0	1	0	0	0	0	0	0	0	0	0	0	0	1	0	0	1	0	0	1	0	0	0	1	0	0	3	1	2
59	5	174.0	92.0	1	1	2	1	1	0	0	0	0	0	0	1	0	0	0	0	0	0	0	0	1	0	0	0	0	0	1	0	0	0	0	0	0	0	0	1	0	0	0	0	1	1	1	0	0	6	5	2
60	5	157.0	62.0	2	2	2	2	0	0	0	0	0	1	1	1	0	1	0	0	0	0	0	0	1	0	0	0	0	1	1	0	0	1	0	0	1	0	0	0	1	0	0	0	1	0	1	0	0	55	6	2
61	4	175.0	76.0	1	2	2	2	0	0	0	0	0	1	0	1	0	1	0	0	0	0	0	0	1	0	0	0	0	1	0	0	0	0	0	0	1	0	0	1	0	0	0	0	1	1	0	1	0	42	3	1
62	5	171.0	80.0	1	3	2	1	1	0	0	0	0	1	0	1	0	0	0	0	0	0	0	0	1	0	0	0	0	1	0	0	0	0	0	0	0	0	0	1	0	0	0	0	1	0	1	0	0	3	2	1
63	4	165.0	54.0	1	3	2	2	0	0	0	0	0	0	0	0	0	0	0	0	1	0	0	0	0	0	0	0	0	0	0	0	0	0	0	0	1	0	0	1	0	0	0	0	1	0	1	0	0	55	2	2
64	4	170.0	78.0	1	2	1	2	0	0	0	0	0	0	0	0	0	1	0	0	0	0	0	0	1	0	0	0	0	0	0	0	0	0	0	0	1	0	1	0	0	0	0	1	0	1	1	1	1	8	2	1
65	7	170.0	70.0	1	2	3	2	1	0	0	0	0	1	0	1	0	0	0	0	0	0	0	0	0	0	0	0	0	0	1	0	0	0	0	0	0	0	0	1	0	0	1	0	0	1	0	0	0	23	5	3
66	8	163.0	67.0	2	1	3	1	1	0	0	0	0	1	1	0	0	1	0	0	0	0	0	0	0	0	0	0	0	1	1	0	0	0	0	0	0	0	0	1	0	0	1	0	1	0	1	0	0	57	3	3
67	8	173.0	67.0	1	2	1	1	0	0	0	0	0	0	0	1	0	0	0	0	0	0	0	0	0	0	0	0	0	0	1	0	0	0	0	0	0	0	1	0	0	0	1	0	0	1	0	0	0	55	3	2
68	8	171.0	68.0	1	2	5	2	0	0	0	0	0	1	1	1	0	0	0	0	0	0	0	0	0	0	0	0	0	1	0	0	0	0	0	0	0	0	1	0	0	0	1	1	0	1	1	1	1	3	7	1
69	6	153.0	45.0	2	3	2	1	1	0	0	0	0	0	0	1	0	0	0	0	0	0	0	0	0	0	0	0	0	0	1	0	0	0	0	0	0	0	1	0	0	0	1	0	0	0	1	0	0	57	4	2
70	8	158.0	58.0	2	1	2	2	1	0	0	0	0	1	1	1	0	0	0	0	0	0	0	0	1	0	0	0	0	1	1	0	0	0	0	0	0	0	0	1	0	0	0	0	1	1	0	0	0	42	2	1
71	8	150.0	45.0	2	1	5	3	1	0	0	0	0	1	1	1	0	1	0	0	0	0	0	0	1	0	0	0	0	1	1	0	0	0	0	0	1	0	0	1	0	0	1	0	0	1	0	1	0	3	4	1
72	8	168.0	83.0	1	1	3	5	1	0	0	0	0	1	1	1	0	1	0	0	0	0	0	0	1	0	0	0	0	0	1	0	0	0	0	0	0	0	0	1	0	0	1	0	0	1	1	1	1	22	6	2
73	8	160.0	62.0	2	1	2	3	1	0	0	0	0	1	1	1	0	1	0	0	0	0	0	0	1	0	0	0	0	1	1	0	0	0	0	0	1	0	0	1	0	0	1	0	0	1	1	1	0	57	7	2
74	8	159.0	63.0	2	1	5	1	1	0	0	0	0	1	1	1	0	0	0	0	0	0	0	0	0	0	0	0	0	0	1	0	0	0	0	0	0	0	0	1	0	0	1	0	0	1	0	0	0	63	1	2
75	8	163.0	48.0	2	2	5	1	0	0	0	0	0	0	0	1	0	0	0	0	0	0	0	0	0	0	0	0	0	0	1	0	0	0	0	0	0	0	1	0	0	0	1	0	0	1	0	0	0	3	2	1
76	8	157.0	57.0	2	2	4	2	1	0	0	0	0	0	0	1	0	0	0	0	0	0	0	0	0	0	0	0	0	0	0	0	0	0	0	0	1	0	0	1	0	0	0	0	1	1	0	0	0	3	2	2
77	8	172.0	69.0	1	2	3	2	0	0	0	0	0	0	1	1	0	0	0	0	0	0	0	0	0	0	0	0	0	1	1	0	0	0	0	0	0	0	0	1	0	0	1	0	0	1	1	1	0	62	3	2
78	5	172.0	64.0	1	1	2	2	1	0	0	0	0	1	1	1	0	1	0	0	0	0	0	0	0	0	0	0	0	1	1	0	0	0	0	0	1	0	0	1	0	0	0	0	1	1	0	0	0	8	3	3
79	3	157.0	52.0	2	2	1	1	0	0	0	0	0	1	1	1	0	0	0	0	0	0	0	0	0	0	0	0	0	1	1	0	0	0	0	0	0	0	1	0	0	0	0	0	1	0	0	1	0	65	1	1
80	3	173.0	66.0	1	3	4	4	1	0	0	0	0	1	1	1	0	0	0	0	0	0	0	0	0	0	0	0	0	1	1	0	0	1	0	0	0	0	0	0	1	1	0	1	1	1	1	1	1	52	5	3
81	8	160.0	54.0	2	2	5	2	1	0	0	0	0	0	0	1	0	0	0	0	0	0	0	0	0	0	0	0	0	0	1	0	0	0	0	0	0	0	1	0	0	0	1	0	0	1	0	0	0	65	7	3
82	8	150.0	62.0	2	1	4	2	1	0	0	0	0	0	1	1	0	0	0	0	0	0	0	0	0	0	0	0	0	1	1	0	0	0	0	0	1	0	0	1	0	0	1	0	1	1	1	0	0	3	6	3
83	7	165.0	67.0	2	2	4	2	1	0	0	0	0	1	0	1	0	1	0	0	0	0	0	0	1	0	0	0	0	1	0	0	0	0	0	0	1	0	1	1	0	0	1	0	1	1	1	1	1	56	7	2
84	7	156.0	63.0	2	1	3	3	1	0	0	0	0	1	1	1	0	1	0	0	0	0	0	0	1	0	0	0	0	1	1	0	0	0	0	0	1	0	0	1	0	0	0	1	1	1	1	1	1	58	6	2
85	8	173.0	92.0	1	2	2	1	0	0	0	0	0	0	0	1	0	0	0	0	0	0	0	0	0	0	0	0	0	0	1	0	0	0	0	0	0	0	1	0	0	0	1	0	0	1	0	0	0	55	4	2
86	7	170.0	69.0	1	2	5	2	1	0	0	0	0	0	0	0	0	0	0	0	0	0	0	0	1	0	0	0	0	0	1	0	0	0	0	0	0	0	1	0	0	0	0	0	1	1	1	1	1	62	7	1
87	8	171.0	74.0	1	2	3	2	0	0	0	0	0	0	0	1	0	0	0	0	0	0	0	0	0	0	0	0	0	0	1	0	0	0	0	0	0	0	0	1	0	0	1	0	0	0	1	0	0	6	4	2
88	6	165.0	68.0	1	2	2	1	1	0	0	0	0	0	0	1	0	0	0	0	0	0	0	0	0	0	0	0	0	0	1	0	0	0	0	0	0	0	1	0	0	0	1	0	0	1	0	0	0	42	2	1
89	3	184.0	66.0	1	1	5	2	1	0	0	0	0	0	0	1	0	1	0	0	0	0	0	0	0	0	0	0	0	0	0	0	0	0	0	0	1	0	0	1	0	0	0	0	1	1	0	1	0	49	6	4
90	3	177.0	87.0	1	2	4	3	1	0	0	0	0	1	0	0	0	1	0	0	0	0	0	0	0	0	0	0	0	0	0	0	0	1	0	0	1	0	0	0	0	1	0	0	1	1	0	0	0	64	3	3
91	3	155.0	52.0	2	1	2	1	1	0	0	0	0	0	0	1	0	0	0	0	0	0	0	0	1	0	0	0	0	0	0	0	0	0	0	0	1	0	1	1	0	0	1	0	0	0	1	0	0	58	4	2
92	4	178.0	70.0	1	2	2	2	1	0	0	0	0	1	1	1	0	1	0	0	0	0	0	0	0	0	0	0	0	1	0	0	0	0	0	0	1	0	0	1	1	0	0	1	0	1	1	1	1	64	5	4
93	4	178.0	98.0	1	3	2	3	0	0	0	0	0	0	0	1	0	0	0	0	0	0	0	0	0	0	0	0	0	1	0	0	0	0	0	0	0	0	0	0	1	0	0	0	1	1	0	1	0	6	5	2
94	3	186.0	75.0	1	1	3	3	1	0	0	0	0	0	0	1	0	0	0	0	0	0	0	0	0	0	0	0	0	0	1	0	0	0	0	0	0	0	0	1	0	0	0	0	1	1	0	1	0	60	4	2
95	3	176.0	69.0	2	1	5	3	1	1	0	0	0	0	0	0	0	0	0	0	0	0	0	0	0	0	0	0	0	1	1	0	0	1	0	0	1	0	1	1	1	1	1	0	1	1	1	1	1	55	7	3
96	5	180.0	110.0	3	1	3	3	1	0	0	0	0	0	0	0	0	0	0	0	0	0	0	0	1	0	0	0	0	1	1	0	0	1	0	0	0	0	0	0	0	1	1	0	1	0	0	0	1	56	6	4
97	4	164.0	58.0	2	2	2	2	1	0	0	0	0	0	1	1	0	1	0	0	0	0	0	0	1	0	0	0	0	0	1	0	0	0	0	0	0	0	1	0	0	0	1	0	0	1	1	1	0	42	3	3
98	5	160.0	49.0	2	2	2	1	1	0	0	0	0	0	0	1	0	0	0	0	0	0	0	0	0	0	0	0	0	1	0	0	0	0	0	0	0	0	0	1	0	0	0	0	1	1	0	0	0	55	4	2
99	3	187.0	76.0	1	3	3	2	1	0	0	0	0	1	1	1	0	1	0	0	0	0	0	0	0	0	0	0	0	0	0	0	0	0	0	0	1	0	0	1	1	0	0	1	0	1	1	1	1	6	6	3
100	4	176.0	89.0	1	2	3	3	1	0	0	0	0	0	0	1	0	0	0	0	0	0	0	0	0	0	0	0	0	1	0	0	0	0	0	0	1	0	0	1	0	0	1	0	1	1	1	0	0	3	2	1
101	8	183.0	92.0	1	2	5	3	0	0	0	0	0	0	0	1	0	0	0	0	0	0	0	0	0	0	0	0	0	1	0	0	0	0	0	0	0	0	0	1	0	0	1	0	1	0	1	0	0	8	7	2
102	4	172.0	62.0	1	1	3	3	1	0	0	0	0	0	1	1	0	1	0	0	0	0	0	0	0	0	0	0	0	0	1	0	0	0	0	0	1	0	0	1	1	0	0	0	1	1	1	1	1	16	3	2
103	3	180.0	65.0	1	2	4	3	1	0	0	0	0	1	0	1	0	0	0	0	0	0	0	0	0	0	0	0	0	1	0	0	0	0	0	0	0	0	0	1	1	0	1	0	0	0	1	0	0	42	3	3
104	6	165.0	78.0	1	2	2	2	1	0	0	0	0	1	1	1	0	1	0	0	0	0	0	0	1	0	0	0	0	1	0	0	0	0	0	0	1	0	0	1	0	0	1	0	0	1	1	1	1	42	7	2
105	4	163.0	65.0	2	2	3	3	1	0	0	0	0	1	0	1	0	1	0	0	0	0	0	0	1	0	0	0	0	1	0	0	0	0	0	0	1	0	0	1	0	0	0	0	1	1	0	0	0	42	2	2
106	4	174.0	98.75	1	2	5	4	1	0	0	0	0	1	0	1	0	1	0	0	0	0	0	0	1	0	0	0	0	1	0	0	0	0	0	0	1	0	0	0	0	1	1	1	0	1	1	1	0	64	4	3
107	8	171.0	71.0	1	2	4	2	1	0	0	0	0	0	0	1	0	0	0	0	0	0	0	0	0	0	0	0	0	0	0	0	0	0	0	0	1	0	0	1	0	0	1	0	0	1	0	0	0	6	2	1
108	4	174.0	78.0	1	2	4	3	1	0	0	0	0	1	1	1	0	1	0	0	0	0	0	0	1	0	0	0	0	0	1	0	0	0	0	0	0	0	0	1	0	0	0	0	1	0	1	0	0	65	3	2
109	5	176.0	69.0	1	2	2	2	1	0	0	0	0	1	1	1	0	0	0	0	0	0	0	0	0	0	0	0	0	1	0	0	0	0	0	0	1	0	0	0	1	0	0	0	1	1	0	1	0	42	6	2
110	3	170.0	70.0	1	3	5	5	1	0	0	0	0	1	0	1	0	0	0	0	0	0	0	0	0	0	0	0	0	1	0	0	0	0	0	0	0	0	0	0	1	0	0	1	0	1	1	1	0	52	5	3
111	4	171.0	71.0	1	2	3	2	0	0	0	0	0	0	0	0	0	1	0	0	0	0	0	0	1	0	0	0	0	0	1	0	0	0	0	0	1	0	0	1	1	0	0	1	1	1	1	1	1	8	1	1
112	4	172.0	69.0	1	1	2	1	1	0	0	0	0	0	0	1	0	0	0	0	0	0	0	0	0	0	0	0	0	1	1	0	0	0	0	0	0	0	1	1	0	0	0	1	1	1	1	1	1	55	3	2
113	3	170.0	65.0	1	1	4	3	1	0	0	0	0	1	1	1	0	0	0	0	0	0	0	0	0	0	0	0	0	1	1	0	0	0	0	0	0	0	0	0	1	0	0	0	1	1	1	1	1	56	1	1
114	4	172.0	65.0	1	3	3	3	0	0	0	0	0	0	0	1	0	0	0	0	0	0	0	0	0	0	0	0	0	1	0	0	0	0	0	0	0	0	0	1	0	0	0	1	0	1	1	1	1	3	3	2
115	3	167.0	70.0	1	2	5	3	0	0	0	0	0	0	0	0	0	1	0	0	0	0	0	0	0	0	0	0	0	0	0	0	0	0	0	0	1	0	0	0	1	1	1	1	1	1	1	1	1	64	2	2
116	3	180.0	75.0	1	3	4	4	1	0	0	0	0	1	1	1	0	1	0	0	0	0	0	0	0	0	0	0	0	1	1	0	0	0	0	0	0	0	0	1	1	0	0	0	1	1	1	1	1	6	3	3
117	3	190.0	75.0	1	1	2	1	1	0	0	0	0	1	0	1	0	1	0	0	0	0	0	0	0	0	0	0	0	1	1	0	0	0	0	0	0	0	1	1	0	0	0	1	1	1	1	1	1	3	1	1
118	4	180.0	80.0	1	3	3	3	1	0	0	0	0	0	0	1	0	0	0	0	0	0	0	0	0	0	0	0	0	0	0	0	0	1	0	0	0	0	0	0	1	0	0	0	1	1	0	0	0	52	7	3
119	3	178.0	68.0	1	1	1	1	1	0	0	0	0	1	1	1	0	1	0	0	0	0	0	0	0	0	0	0	0	1	1	0	0	0	0	0	1	0	1	0	0	0	0	1	0	1	1	1	0	8	3	3
120	8	157.0	58.0	2	2	2	1	0	0	0	0	0	1	0	0	0	0	0	0	0	0	0	0	0	0	0	0	0	1	0	0	0	0	0	0	0	0	1	0	0	0	1	0	0	0	1	0	0	52	3	1
121	8	165.0	63.0	2	2	3	4	0	0	0	0	0	1	1	1	0	1	0	0	0	0	0	0	0	0	0	0	0	1	1	0	0	0	0	0	1	0	0	1	0	0	1	0	0	1	1	1	1	65	5	2
122	4	168.0	80.0	1	2	2	3	1	0	0	0	0	1	0	1	0	1	0	0	0	0	0	0	1	0	0	0	0	0	0	0	0	0	0	0	1	0	0	1	0	0	0	1	0	1	1	1	0	49	4	2
123	3	165.0	53.0	2	2	2	2	1	0	0	0	0	0	0	1	0	1	0	0	0	0	0	0	1	0	0	0	0	1	0	0	0	1	0	0	0	0	1	1	0	0	0	0	1	1	1	1	1	42	1	1
124	5	183.0	89.0	1	1	5	3	1	0	0	0	0	1	1	1	0	1	0	0	0	0	0	0	0	0	0	0	0	1	1	0	0	1	0	0	1	0	0	0	1	0	1	1	0	0	1	0	0	55	7	2
125	3	180.0	73.0	1	1	3	2	1	0	0	0	0	1	0	1	0	0	0	0	0	0	0	0	1	0	0	0	0	1	0	0	0	0	0	0	0	0	0	1	1	0	0	0	1	0	0	1	0	3	5	2
126	4	170.0	55.0	2	1	3	2	1	0	0	0	0	1	1	1	0	1	0	0	0	0	0	0	1	0	0	0	0	0	0	0	0	1	0	0	1	0	0	0	1	1	0	0	1	1	1	1	1	3	3	2
127	4	181.0	170.0	1	3	3	3	1	0	0	0	0	1	0	1	0	0	0	0	0	0	0	0	1	0	0	0	0	1	0	0	0	0	0	0	0	0	0	0	1	0	0	1	1	1	1	1	1	52	1	2
128	3	158.0	49.0	2	3	4	2	1	0	0	0	0	0	0	1	0	0	0	0	0	0	0	0	1	0	0	0	0	1	1	0	0	0	0	0	1	0	0	0	1	0	0	0	1	0	1	1	1	42	2	1
129	3	161.0	50.0	2	3	3	3	1	0	0	0	0	1	0	1	0	0	0	0	0	0	0	0	0	0	0	0	0	0	0	0	0	1	0	0	0	0	0	1	1	0	0	0	1	1	1	1	1	52	1	2
130	4	170.0	60.0	1	3	3	4	1	0	0	0	0	0	0	1	0	0	0	0	0	0	0	0	0	0	0	0	0	1	0	0	0	0	0	0	0	0	0	0	1	0	1	0	1	1	1	1	1	3	3	3
131	2	158.0	40.0	2	3	2	1	1	0	0	0	0	1	1	1	0	0	0	0	0	0	0	0	0	0	0	0	0	1	1	0	0	0	0	0	0	0	1	1	0	0	1	0	0	1	0	1	0	8	1	1
132	4	160.0	53.0	2	3	3	3	1	0	0	0	1	0	0	1	1	0	0	0	0	0	0	1	0	0	1	0	0	1	1	0	0	1	0	0	1	0	0	1	1	0	0	0	1	1	1	1	1	52	1	2
133	3	171.0	59.0	1	3	5	3	0	0	0	0	0	1	1	1	0	1	0	0	0	0	0	0	1	0	0	0	0	1	0	0	0	0	0	0	1	0	0	0	1	0	0	0	1	1	1	1	1	52	3	3
134	2	163.0	52.0	2	1	3	1	1	0	0	0	0	1	1	1	0	0	0	0	0	0	0	0	1	0	0	0	0	1	1	0	0	0	0	0	0	0	1	1	0	0	0	0	1	1	1	1	0	57	2	1
135	4	180.0	79.0	1	1	4	3	1	0	0	0	0	1	0	1	0	1	0	0	0	0	0	0	1	0	0	0	0	1	0	0	0	1	0	0	1	0	0	1	1	0	0	1	1	1	1	1	1	3	4	2
136	4	157.0	43.0	2	1	2	2	1	0	0	1	0	0	1	1	0	0	0	0	0	0	0	1	1	0	0	0	0	1	1	0	0	0	0	0	0	0	0	1	1	0	0	1	0	1	1	1	1	8	4	2
137	5	175.0	90.0	1	1	2	2	1	0	0	0	0	1	1	1	0	0	0	0	0	0	0	0	1	0	0	0	0	1	0	0	0	0	0	0	0	0	0	1	0	0	0	0	1	1	1	1	1	6	5	2
138	4	176.0	64.0	1	1	4	3	1	0	0	0	0	0	0	1	0	1	0	0	0	0	0	0	0	0	0	0	0	1	0	0	0	0	0	0	1	0	0	1	0	0	0	1	1	1	1	1	0	21	4	3
139	3	160.0	60.0	1	3	3	2	1	0	0	0	0	1	0	1	0	0	0	0	0	0	0	0	0	0	0	0	0	1	1	0	0	0	0	0	0	0	0	1	1	0	1	0	1	1	0	0	0	6	4	2
140	3	172.0	60.0	1	3	2	2	1	0	0	0	0	0	0	1	0	0	0	0	0	0	0	0	1	0	0	0	0	1	0	0	0	0	0	0	0	0	0	1	1	0	0	1	0	1	0	1	0	55	3	2
141	3	165.0	52.0	2	3	3	2	1	0	0	0	0	0	0	1	0	0	0	0	0	0	0	0	0	0	0	0	0	1	0	0	0	0	0	0	0	0	0	1	1	0	0	0	1	0	1	1	0	3	3	2
142	4	196.0	90.0	1	1	2	2	1	0	0	0	0	0	0	1	0	0	0	0	0	0	0	0	0	0	0	0	0	1	0	0	0	0	0	0	1	0	0	1	1	0	0	0	1	1	0	1	0	42	3	2
143	3	168.0	59.0	2	2	3	2	1	0	0	0	0	0	0	1	0	0	0	0	0	0	0	0	1	0	0	0	0	1	0	0	0	0	0	0	1	0	0	1	1	0	0	0	1	1	0	1	0	42	4	2
144	3	161.0	53.0	2	1	2	3	1	0	0	0	0	0	0	1	0	0	0	0	0	0	0	0	1	0	0	0	0	1	1	0	0	1	0	0	1	0	1	1	0	0	0	1	1	1	1	1	1	3	5	1
145	3	166.0	68.0	2	1	2	2	1	0	0	0	0	1	1	1	0	1	0	0	0	0	0	0	1	0	0	0	0	1	0	0	0	0	0	0	1	0	0	1	0	0	0	0	1	0	1	0	0	52	3	2
146	2	163.0	62.0	2	1	4	2	1	0	0	0	0	0	0	1	0	1	0	0	0	0	0	0	1	0	0	0	0	0	0	0	0	0	0	0	1	0	0	1	0	0	0	0	1	1	0	1	0	52	3	2
147	5	155.0	63.0	2	1	2	1	1	0	0	0	0	0	0	1	0	0	0	0	0	0	0	0	1	0	0	0	0	1	1	0	0	0	0	0	0	0	1	1	0	0	0	0	1	1	1	1	0	3	4	2
148	3	173.0	56.0	1	2	3	2	0	0	0	0	0	1	0	1	0	1	0	0	0	0	0	0	0	0	0	0	0	0	0	0	0	0	0	0	1	0	0	1	0	0	0	0	1	1	1	1	1	3	1	1
149	3	180.0	80.0	1	3	3	1	0	0	0	0	0	0	0	0	0	0	0	0	0	0	0	0	1	0	0	0	0	0	1	0	0	0	0	0	0	0	0	1	0	0	0	1	0	0	1	0	0	60	2	1
150	4	162.0	59.0	2	1	3	2	1	0	0	0	0	1	0	1	0	0	0	0	0	0	0	0	1	0	0	0	0	1	0	0	0	0	0	0	1	0	0	0	1	0	1	0	1	1	1	1	0	42	3	2
151	3	160.0	53.0	2	2	2	3	1	0	0	0	0	0	0	1	0	0	0	0	0	0	0	0	1	0	0	0	0	1	0	0	0	0	0	0	0	0	0	1	0	0	1	0	1	1	1	1	0	42	2	2
152	2	171.0	50.0	1	3	2	1	1	0	0	0	0	0	0	1	0	1	0	0	0	0	0	0	0	0	0	0	0	1	0	0	0	0	0	0	0	0	0	1	0	0	0	0	1	1	0	1	0	3	2	1
153	3	175.0	82.0	1	3	3	2	1	0	0	0	0	1	0	1	0	0	0	0	0	0	0	0	1	0	0	0	0	1	0	0	0	0	0	0	0	0	0	0	1	0	1	0	1	1	1	1	1	42	2	1
154	4	183.0	85.0	1	3	2	2	1	0	0	0	0	0	0	1	0	0	0	0	0	0	0	0	1	0	0	0	0	1	0	0	0	0	0	0	0	0	0	1	1	1	1	0	1	0	1	1	0	60	4	2
155	7	160.0	118.0	2	2	3	2	1	0	0	0	0	1	1	1	0	1	0	0	0	0	0	0	0	0	0	0	0	1	1	0	0	0	0	0	1	0	0	1	0	0	0	1	1	1	1	1	1	65	1	1
156	4	170.0	60.0	1	2	3	1	1	0	0	0	0	1	1	1	0	1	0	0	0	0	0	0	1	0	0	0	0	1	0	0	0	0	0	0	0	0	0	0	1	0	0	0	1	1	1	1	1	42	3	2
157	5	162.0	58.0	2	3	3	2	1	0	0	0	0	0	0	1	0	0	0	0	0	0	0	0	0	0	0	0	0	1	0	0	0	0	0	0	0	0	0	1	1	0	1	0	1	1	1	1	1	55	4	2
158	2	156.0	46.0	2	3	2	2	0	0	0	0	0	0	0	1	0	0	0	0	0	0	0	0	1	0	0	0	0	1	0	0	0	0	0	0	0	0	1	1	0	0	0	1	0	0	1	1	0	55	1	1
159	4	174.0	70.0	1	3	2	2	1	0	0	0	0	0	0	1	0	1	0	0	0	0	0	0	1	0	0	0	0	1	1	0	0	0	0	0	0	0	1	1	0	0	0	1	1	1	1	1	0	6	3	1
160	2	169.0	60.0	1	3	3	3	1	0	0	0	0	1	1	1	0	1	0	0	0	0	0	0	0	0	0	0	0	1	0	0	0	0	0	0	1	0	0	1	0	0	1	0	1	0	1	1	0	64	2	2
161	4	160.0	60.0	2	1	3	3	1	0	0	0	0	1	0	1	0	0	0	0	0	0	0	0	0	0	0	0	0	1	0	0	0	0	0	0	1	0	0	1	0	0	0	0	1	1	1	1	1	52	1	1
162	2	165.0	52.0	2	3	1	1	1	0	0	0	0	1	0	1	0	1	0	0	0	0	0	0	1	0	0	0	0	1	0	0	0	0	0	0	0	0	0	1	0	0	0	0	1	1	0	1	0	3	1	1
163	2	166.0	68.0	2	3	4	2	1	0	0	0	0	0	0	0	0	0	0	0	0	0	0	0	1	0	0	0	0	0	0	0	0	1	0	0	0	0	0	1	0	0	0	0	1	1	0	1	0	62	3	3
164	3	170.0	58.0	2	3	3	2	1	0	0	0	0	0	0	1	0	0	0	0	0	0	0	0	0	0	0	0	0	0	0	0	0	0	0	0	1	0	0	1	0	0	1	1	1	1	1	1	1	6	3	1
165	2	170.0	65.0	1	1	2	1	0	0	0	0	0	1	0	1	0	0	0	0	0	0	0	0	1	0	0	0	0	0	0	0	0	0	0	0	1	0	0	1	0	0	0	1	0	1	1	0	0	3	2	2
166	3	158.0	48.0	2	2	2	2	0	0	0	0	0	0	0	1	0	0	0	0	0	0	0	0	0	0	0	0	0	1	1	0	0	1	0	0	0	0	0	1	0	0	0	1	0	1	1	1	1	3	3	2
167	3	170.0	68.0	1	2	3	4	1	0	0	0	0	0	0	1	0	1	0	0	0	0	0	0	1	0	0	0	0	1	0	0	0	0	0	0	1	0	0	0	1	0	1	0	0	1	0	1	0	42	3	1
168	3	177.0	72.0	1	1	4	4	1	0	0	0	0	1	0	1	0	1	0	0	0	0	0	0	1	0	0	0	0	1	0	0	0	0	0	0	1	0	0	1	1	0	0	1	1	1	1	1	1	52	2	2
169	6	180.0	90.0	3	1	3	4	1	0	0	0	0	0	0	0	0	0	0	0	0	0	0	0	1	0	0	0	0	0	0	0	0	1	0	0	0	0	0	1	0	0	0	1	0	0	1	0	0	49	3	2
170	3	168.0	66.0	1	3	2	1	1	0	0	0	0	0	0	1	0	1	0	0	0	0	0	0	1	0	0	0	0	1	0	0	0	0	0	0	1	0	0	0	1	0	0	0	1	1	0	1	0	6	4	2
171	4	173.0	62.0	1	3	2	3	0	0	0	0	0	0	0	1	0	0	0	0	0	0	0	0	0	0	0	0	0	0	0	0	0	1	0	0	0	0	0	1	1	0	0	0	1	1	1	1	1	52	4	3
172	4	171.0	64.0	2	1	3	3	1	0	0	0	0	1	0	1	0	0	0	0	0	0	0	0	0	0	0	0	0	1	0	0	0	1	0	0	1	0	0	1	1	0	0	0	1	1	1	1	1	7	3	2
173	4	153.0	41.0	2	1	2	2	1	0	0	0	0	0	0	1	0	0	0	0	0	0	0	0	0	0	0	0	0	1	1	0	0	0	0	0	1	0	0	1	0	0	0	1	0	1	0	1	0	65	2	1
174	4	182.0	95.0	1	2	3	4	1	0	0	0	0	0	0	0	0	1	0	0	0	0	0	0	1	0	0	0	0	1	0	0	0	0	0	0	1	0	0	0	1	0	0	0	1	0	1	0	0	8	3	2
175	4	164.0	48.0	2	2	2	3	1	0	0	0	0	0	0	1	0	0	0	0	0	0	0	0	0	0	0	0	0	0	0	0	0	1	0	0	0	0	0	0	1	0	0	1	1	1	1	1	1	16	2	2
176	2	165.0	50.0	2	1	2	2	1	0	0	0	0	1	0	1	0	1	0	0	0	0	0	0	0	0	0	0	0	1	0	0	0	1	0	0	1	0	0	1	1	1	0	1	1	1	0	1	0	42	2	2
177	3	160.0	40.0	2	1	3	2	1	0	0	0	0	1	0	1	0	0	0	0	0	0	0	0	0	0	0	0	0	1	0	0	0	0	0	0	1	0	1	0	0	0	1	0	1	1	0	1	0	8	2	1
178	5	163.0	54.0	2	1	4	2	1	0	0	0	0	1	1	1	0	1	0	0	0	0	0	0	1	0	0	0	0	1	1	0	0	0	0	0	1	0	0	1	0	0	1	0	0	1	0	1	0	57	2	1
179	4	180.0	62.0	1	3	2	2	0	0	0	0	0	0	0	1	0	1	0	0	0	0	0	0	0	0	0	0	0	0	0	0	0	0	1	0	0	0	1	0	0	0	0	0	1	1	0	0	0	20	6	2
180	4	170.0	65.0	2	3	2	5	1	0	0	0	0	0	0	1	0	0	0	0	0	0	0	0	0	0	0	0	0	1	0	0	0	0	0	0	0	0	0	0	1	0	0	0	1	1	0	1	0	52	3	2
181	2	161.0	47.0	2	3	3	2	1	0	1	0	0	0	0	1	0	0	0	0	0	0	0	0	0	0	0	0	0	1	1	0	0	0	0	0	0	0	1	1	1	0	1	0	1	1	0	1	0	42	4	2
182	3	163.0	45.0	2	3	2	2	1	0	0	0	0	0	0	1	0	0	0	0	0	0	0	0	0	0	0	0	0	1	0	0	0	0	0	0	0	0	1	1	0	0	0	0	1	1	1	1	1	3	4	2
183	3	160.0	50.0	2	2	2	3	1	0	0	0	0	0	0	1	0	0	0	0	0	0	0	0	0	0	0	0	0	1	0	0	0	0	0	0	0	0	1	0	0	0	0	0	1	0	1	0	0	52	1	1
184	4	157.0	47.0	2	1	2	3	1	0	0	0	0	0	1	1	0	1	0	0	0	0	0	0	1	0	0	0	0	1	1	0	0	1	0	0	1	0	0	1	1	0	0	0	1	1	1	1	1	8	3	2
185	3	148.0	47.0	2	2	2	4	1	0	0	0	0	1	1	1	0	0	0	0	0	0	0	0	1	0	0	0	0	1	1	0	0	0	0	0	0	0	1	0	1	0	1	0	1	0	1	1	0	65	1	2
186	4	170.0	50.0	2	3	3	4	1	0	0	0	0	0	0	1	0	1	0	0	0	0	0	0	1	0	0	0	0	1	0	0	0	1	0	0	0	0	0	1	1	0	0	0	1	1	1	0	0	3	3	2
187	4	160.0	60.0	2	1	3	2	1	0	0	0	0	0	0	1	0	1	0	0	0	0	0	0	0	0	0	0	0	1	0	0	0	0	0	0	1	0	0	1	1	0	0	0	1	1	1	1	0	55	2	1
188	3	162.0	55.0	2	1	5	3	1	0	0	0	0	0	0	1	0	0	0	0	0	0	0	0	1	0	0	0	0	1	0	0	0	0	0	0	0	0	0	1	1	0	0	0	1	1	0	1	0	42	3	2
189	4	178.0	80.0	1	1	4	5	1	0	0	0	0	1	1	1	0	1	0	0	0	0	0	0	1	0	0	0	0	1	1	0	0	1	0	0	1	0	0	1	0	0	0	1	1	1	1	1	0	10	4	3
190	2	178.0	67.0	1	1	3	3	0	0	0	0	0	0	0	0	0	1	0	0	0	0	0	0	0	0	0	0	0	1	0	0	0	0	0	0	1	0	0	0	1	0	0	0	1	1	1	1	1	52	3	2
191	3	165.0	55.0	2	3	3	2	1	0	0	0	0	1	0	1	0	0	0	0	0	0	0	0	0	0	0	0	0	1	0	0	0	1	0	0	0	0	0	0	1	0	1	1	1	1	0	1	1	3	3	1
192	5	175.0	82.0	1	3	3	2	1	0	0	0	0	1	0	1	0	1	0	0	0	0	0	0	1	0	0	0	0	1	0	0	0	0	0	0	0	0	0	1	1	0	0	1	0	1	1	1	0	60	3	1
193	3	183.0	80.0	1	2	2	2	0	0	0	0	0	0	0	1	0	0	0	0	0	0	0	0	1	0	0	0	0	1	0	0	0	0	0	0	1	0	0	1	1	0	1	0	1	1	0	1	0	42	6	2
194	8	168.0	65.0	2	2	2	2	0	0	0	0	0	0	0	1	0	0	0	0	0	0	0	0	0	0	0	0	0	1	0	0	0	0	0	0	0	0	1	0	0	0	0	0	1	0	1	1	0	55	2	2
195	6	165.0	70.0	2	2	2	1	1	0	0	0	0	1	0	1	0	0	0	0	0	0	0	0	1	0	0	0	0	1	1	0	0	0	0	0	0	0	1	1	0	0	0	0	1	1	0	1	0	65	4	1
196	6	158.0	55.0	2	2	1	1	1	0	0	0	0	1	0	1	0	0	0	0	0	0	0	0	1	0	0	0	0	1	1	0	0	0	0	0	0	0	1	0	0	0	1	0	0	1	0	1	0	65	2	1
197	5	170.0	60.0	2	2	3	2	1	0	0	0	0	1	0	1	0	0	0	0	0	0	0	0	1	0	0	0	0	1	0	0	0	0	0	0	0	0	1	0	0	0	1	0	1	1	0	1	0	65	4	2
198	8	170.0	65.0	1	2	4	4	1	0	0	0	0	1	1	1	0	0	0	0	0	0	0	0	0	0	0	0	0	0	1	0	0	0	0	0	1	0	0	0	1	0	1	0	0	1	1	1	1	56	4	2
199	6	160.0	50.0	2	3	3	2	1	0	0	0	0	1	0	1	0	0	0	0	0	0	0	0	0	0	0	0	0	1	1	0	0	0	0	0	0	0	0	1	0	0	0	1	1	1	1	1	1	8	5	2
200	5	184.0	80.0	1	3	2	3	1	0	0	0	0	0	0	1	0	0	0	0	0	0	0	0	1	0	0	0	0	1	0	0	0	0	0	0	0	0	0	0	1	0	0	0	1	1	1	1	0	3	2	2
201	5	170.0	76.0	1	2	4	3	0	0	0	0	0	1	0	1	0	0	0	0	0	0	0	0	1	0	0	0	0	1	0	0	0	0	0	0	0	0	0	1	1	0	0	1	0	1	1	1	1	3	4	2
202	4	167.0	58.0	2	1	4	2	1	0	0	0	0	1	1	1	0	1	0	0	0	0	0	0	1	0	0	0	0	1	1	0	0	0	0	0	1	0	0	1	0	0	1	1	1	1	1	1	1	55	3	2
203	6	160.0	56.0	2	2	3	2	1	0	0	0	0	0	0	1	0	0	0	0	0	0	0	0	1	0	0	0	0	1	0	0	0	0	0	0	1	0	0	1	0	1	1	0	0	1	0	1	0	42	3	3
204	3	182.0	83.0	1	1	3	3	1	0	0	0	0	1	0	1	0	1	0	0	0	0	0	0	1	0	0	0	0	1	0	0	0	0	0	0	1	0	0	0	1	0	0	1	0	1	1	1	0	42	2	1
205	6	173.0	70.0	1	3	2	2	1	0	0	0	0	0	0	1	0	1	0	0	0	0	0	0	1	1	0	0	0	0	0	0	0	0	0	0	0	0	0	0	1	0	0	0	1	1	1	1	1	3	5	3
206	6	182.0	80.0	1	1	3	3	0	0	0	0	0	1	0	1	0	0	0	0	0	0	0	0	1	0	0	0	0	1	0	0	0	0	0	0	0	0	0	0	1	0	1	0	1	1	1	1	1	42	3	2
207	4	179.0	70.0	1	1	3	3	1	0	0	0	0	1	0	1	0	0	0	0	0	0	0	0	1	0	0	0	0	1	0	0	0	0	0	0	1	0	0	0	1	0	0	0	1	1	1	1	1	6	3	2
208	6	172.0	74.0	1	1	4	2	1	0	0	0	0	1	1	1	0	1	0	0	0	0	0	0	1	0	0	0	0	1	0	0	0	1	0	1	1	0	0	1	0	0	0	1	1	1	1	1	1	50	4	2
209	8	150.0	46.0	2	2	4	2	0	0	0	0	0	1	0	0	0	0	0	0	0	0	0	0	0	0	0	0	0	1	0	0	0	0	0	0	0	0	0	1	0	0	0	0	1	1	1	1	0	42	5	2
210	3	165.0	65.0	2	1	3	2	1	0	0	0	0	0	0	0	0	0	0	0	0	0	0	0	1	0	0	0	0	1	0	0	0	0	0	0	0	0	0	0	1	0	0	0	1	1	0	1	0	42	3	2
211	8	164.0	58.0	2	3	4	2	1	0	0	0	0	0	0	1	0	0	0	0	0	0	0	0	0	0	0	0	0	0	0	0	0	0	0	0	0	0	0	1	0	0	0	1	0	1	1	1	1	3	7	2
212	5	162.0	120.0	2	2	3	2	1	0	0	0	0	1	0	0	0	0	0	0	0	0	0	0	1	0	0	0	0	1	0	0	0	1	0	0	0	0	0	1	0	0	0	0	1	0	1	0	0	3	3	1
213	3	162.0	55.0	2	2	2	2	1	0	0	0	0	1	1	1	0	1	0	0	0	0	0	0	1	0	0	0	0	1	0	0	0	1	0	0	1	0	1	1	1	0	0	1	0	1	1	1	1	55	2	2
214	4	161.0	59.0	2	3	2	5	1	0	0	0	0	0	0	1	0	0	0	0	0	0	0	0	0	0	0	0	0	1	0	0	0	0	0	0	0	0	0	1	0	0	0	0	1	1	1	1	1	62	1	1
215	5	173.0	75.0	1	1	5	2	1	0	0	0	0	1	0	1	0	1	0	0	0	0	0	0	1	0	0	0	0	1	0	0	0	0	0	0	1	0	1	1	0	0	0	0	1	1	1	1	1	3	5	2
216	5	178.0	72.0	1	2	5	1	1	0	0	0	0	0	0	0	0	1	0	0	0	0	0	0	0	0	0	0	0	1	0	0	0	0	0	0	1	0	1	0	0	0	0	0	1	1	0	0	0	42	3	1
217	6	180.0	85.0	1	3	2	3	0	0	0	0	0	0	0	1	0	0	0	0	0	0	0	0	0	0	0	0	0	1	0	0	0	0	0	0	0	0	0	1	0	0	0	0	1	0	1	0	0	15	1	2
218	5	158.0	60.0	2	3	2	3	0	0	0	0	0	1	0	1	0	0	0	0	0	0	0	0	1	0	0	0	0	1	0	0	0	0	0	0	1	0	0	1	1	0	0	0	1	0	1	1	0	64	4	2
219	6	175.0	90.0	2	2	2	1	0	0	0	0	0	1	0	0	0	0	0	0	0	0	0	0	1	0	0	0	0	1	0	0	0	0	0	0	0	0	1	1	0	0	1	0	1	1	1	1	1	15	2	1
220	3	173.0	63.0	1	1	3	3	1	0	0	0	0	1	0	1	0	1	0	0	0	0	0	0	0	0	0	0	0	1	1	0	0	0	0	0	1	0	0	1	0	0	0	1	0	1	0	1	0	3	3	3
221	3	165.0	55.0	2	2	3	2	1	0	0	0	0	1	1	1	0	1	0	0	0	0	0	0	0	0	0	0	0	0	1	0	0	0	0	0	1	0	0	1	0	0	0	1	0	0	0	0	1	65	1	1
222	3	163.0	55.0	2	3	2	2	1	0	0	0	0	0	0	1	0	0	0	0	0	0	0	0	1	0	0	0	0	0	1	0	0	0	0	0	1	0	1	0	0	0	0	0	1	1	0	1	0	55	1	2
223	4	173.0	70.0	1	1	4	3	1	0	0	0	0	0	0	1	0	1	0	0	0	0	0	0	1	0	0	0	0	1	0	0	0	0	0	0	1	0	0	0	1	0	0	1	1	1	0	1	0	55	2	1
224	3	150.0	45.0	2	3	1	1	0	0	0	0	0	0	0	0	0	0	0	0	0	0	0	0	1	0	0	0	0	1	0	0	0	0	0	0	0	0	1	0	0	0	0	0	1	0	1	0	0	3	1	1
225	3	172.0	70.0	1	3	1	1	0	0	0	0	0	0	0	0	0	0	0	0	0	0	0	0	1	0	0	0	0	1	0	0	0	0	0	0	0	0	1	0	0	0	0	0	1	0	0	1	0	3	2	2
226	4	168.0	78.0	1	2	5	2	1	0	0	0	0	0	0	1	0	0	0	0	0	0	0	0	0	0	0	0	0	1	0	0	0	0	0	0	0	0	1	0	0	0	0	1	1	1	1	1	1	55	1	2
227	5	178.0	73.0	1	3	2	1	0	0	0	0	0	0	0	1	0	0	0	0	0	0	0	0	0	0	0	0	0	1	0	0	0	0	0	0	0	0	1	1	0	0	0	0	1	1	1	1	0	55	7	2
228	3	174.0	78.0	1	1	1	1	0	0	0	0	0	0	0	0	0	0	0	0	0	0	0	0	1	0	0	0	0	1	0	0	0	0	0	0	0	0	0	1	0	0	0	0	1	1	1	1	1	15	2	2
229	7	162.0	50.0	2	2	3	2	1	0	0	0	0	0	0	1	0	0	0	0	0	0	0	0	0	0	0	0	0	1	1	0	0	0	0	0	0	0	1	0	0	0	0	0	1	1	0	1	1	42	3	1
230	4	155.0	50.0	2	3	2	1	1	0	0	0	0	0	1	1	0	0	0	0	0	0	0	0	1	0	0	0	0	1	1	0	0	0	0	0	0	0	1	1	0	0	1	0	1	1	1	1	1	66	3	2
231	4	150.0	68.0	2	3	1	1	1	0	0	0	0	0	0	0	0	0	0	0	0	0	0	0	1	0	0	0	0	1	0	0	0	0	0	0	0	0	1	0	0	0	0	0	1	0	0	1	0	3	2	1
232	3	165.0	57.0	2	1	3	2	1	0	0	0	0	0	0	1	0	1	0	0	0	0	0	0	1	0	0	0	0	0	0	0	1	0	0	0	1	0	0	1	1	0	0	1	1	0	1	1	1	3	5	2
233	3	182.0	83.0	1	1	4	2	1	0	0	0	0	1	1	1	0	1	0	0	0	0	0	0	1	0	0	0	0	1	0	0	0	1	0	0	1	0	0	0	1	1	1	0	1	1	1	1	0	6	5	3
234	3	180.0	70.0	1	1	4	5	1	0	0	0	0	0	0	1	0	1	0	1	0	0	0	0	0	0	0	0	0	0	0	0	0	1	0	0	1	0	0	0	1	0	0	1	1	0	0	1	1	6	5	2
235	4	187.0	80.0	1	1	3	3	0	0	0	0	0	1	0	1	0	1	0	0	0	0	0	0	1	0	0	0	0	0	0	0	0	1	0	0	0	0	0	1	1	0	0	0	1	1	0	1	0	6	3	3
236	4	176.0	110.0	1	3	5	3	1	0	0	0	0	0	0	1	0	0	0	0	0	0	0	0	1	0	0	0	0	0	1	0	0	0	0	0	0	0	1	0	0	0	0	1	0	1	1	1	1	38	2	2
237	6	180.0	220.0	1	3	2	2	1	0	0	0	0	0	0	1	0	0	0	0	0	0	0	0	1	0	0	0	0	1	0	0	0	0	0	0	0	0	0	1	0	0	1	0	0	1	0	0	0	6	3	2
238	3	166.0	65.0	2	1	2	3	1	0	0	0	0	1	0	1	0	0	0	0	0	0	0	0	1	0	0	0	0	0	1	0	0	0	0	0	1	0	0	1	0	0	0	1	1	1	1	1	0	3	3	1
239	3	174.0	63.0	1	3	2	3	0	0	0	0	0	0	0	0	0	1	0	0	0	0	0	0	0	0	0	0	0	0	0	0	0	0	0	0	1	0	0	1	1	0	0	0	1	1	0	1	0	6	5	3
240	4	162.0	50.0	3	1	3	2	1	0	0	0	0	1	1	1	0	1	0	0	0	0	0	0	1	0	0	0	0	1	1	0	0	0	0	0	1	0	0	0	1	0	0	1	1	1	0	0	0	62	1	1
241	5	179.0	81.0	1	3	2	2	1	0	0	0	0	0	0	1	0	0	0	0	0	0	0	0	1	0	0	0	0	1	0	0	0	0	0	0	0	0	0	1	1	0	0	0	1	1	0	1	1	6	4	2
242	4	182.0	72.0	1	2	4	3	1	0	0	0	0	0	0	0	0	1	0	0	0	0	0	0	0	0	0	0	0	0	0	0	0	0	0	0	1	0	0	0	1	0	0	1	0	0	1	0	0	64	2	2
243	3	175.0	61.0	1	2	2	1	1	0	0	0	0	1	0	1	0	0	0	0	0	0	0	0	0	0	0	0	0	1	0	0	0	1	0	0	0	0	0	0	1	0	0	1	1	1	1	1	1	42	4	2
244	3	164.0	54.0	2	2	3	2	1	0	0	0	0	0	0	1	0	1	0	0	0	0	0	0	1	0	0	0	0	1	0	0	0	0	0	0	1	0	0	0	1	0	1	1	0	1	1	1	1	64	2	1
245	3	172.0	75.0	1	2	3	2	1	0	0	0	0	0	0	1	0	0	0	0	0	0	0	0	1	0	0	0	0	1	0	0	0	0	0	0	0	0	0	0	1	0	0	1	1	1	1	1	1	42	2	1
246	3	178.0	60.0	1	2	2	1	0	0	0	0	0	0	0	1	0	0	0	0	0	0	0	0	0	0	0	0	0	1	0	0	0	0	0	0	0	0	1	1	0	0	0	0	1	1	0	1	0	42	4	2
247	8	170.0	73.5	1	2	3	2	0	0	0	0	0	0	0	1	0	0	0	0	0	0	0	0	1	0	0	0	1	0	0	0	0	0	0	0	0	0	1	0	0	0	0	1	0	1	1	1	0	3	3	2
248	2	188.0	87.0	1	2	4	3	1	0	0	0	0	1	1	1	0	1	0	0	0	0	0	0	1	0	0	0	0	1	1	0	0	0	0	0	1	0	0	1	1	0	0	1	0	1	0	1	1	64	3	2
249	3	172.0	62.0	2	2	2	2	0	0	0	0	0	0	0	0	0	0	0	0	0	0	0	0	1	0	0	0	0	1	1	0	0	0	0	0	0	0	1	0	0	0	0	0	1	1	1	1	0	1	3	2
250	7	158.0	65.0	1	3	2	2	1	0	0	0	0	0	0	1	0	0	0	0	0	0	0	0	0	0	0	0	0	1	0	0	0	0	0	0	0	0	1	0	0	0	1	0	0	0	1	1	0	42	2	1
251	3	163.0	55.0	2	3	2	1	1	0	0	0	0	0	0	0	0	0	0	0	0	0	0	0	1	0	0	0	0	1	0	0	0	0	0	0	0	0	0	1	1	0	0	1	1	1	0	1	0	55	2	1
252	3	165.0	53.0	2	3	2	2	1	0	0	0	0	0	0	1	0	0	0	0	0	0	0	0	0	0	0	0	0	1	0	0	0	0	0	0	0	0	1	1	0	0	1	0	0	0	0	1	0	3	3	1
253	5	170.0	85.0	1	2	2	2	1	0	0	0	0	0	0	1	0	0	0	0	0	0	0	0	0	0	0	0	0	1	0	0	0	0	0	0	0	0	0	0	1	0	0	0	1	1	1	1	1	42	3	2
254	7	158.0	48.0	2	3	1	1	1	0	0	0	0	0	0	0	0	0	0	0	0	0	0	0	1	0	0	0	0	1	0	0	0	0	0	0	0	0	0	1	0	0	0	0	1	0	0	1	0	62	7	2
255	3	176.5	89.0	1	1	2	2	1	0	0	0	0	0	0	1	0	1	0	0	0	0	0	0	1	0	0	0	0	1	0	0	0	0	0	0	1	0	0	1	0	0	0	1	1	0	1	1	0	38	1	1
256	4	175.0	85.0	1	2	2	1	0	0	0	0	0	0	0	1	0	0	0	0	0	0	0	0	1	0	0	0	0	1	0	0	0	0	0	0	1	0	0	0	1	0	0	0	1	0	1	0	0	55	3	1
257	7	173.0	80.0	1	2	2	1	0	0	0	0	0	0	0	1	0	0	0	0	0	0	0	0	1	0	0	0	0	0	0	0	0	0	0	0	0	1	1	0	0	0	0	0	1	1	0	1	1	63	4	1
258	2	190.0	90.0	1	3	3	2	0	0	0	0	0	0	0	1	0	0	0	0	0	0	0	0	0	0	0	0	0	1	0	0	0	0	0	0	0	0	0	1	0	0	0	0	1	1	0	1	0	6	2	1
259	2	165.0	47.0	2	1	2	2	1	0	0	0	0	0	0	1	0	0	0	0	0	0	0	0	1	0	0	0	0	1	0	0	0	0	0	0	0	0	1	1	1	0	0	0	1	1	0	1	0	57	4	2
260	3	171.0	56.0	2	2	2	2	1	0	0	0	0	1	0	1	0	0	0	0	0	0	0	0	1	0	0	0	0	1	1	0	0	0	0	0	0	0	0	1	1	0	1	0	1	1	0	1	0	55	5	3
261	3	178.0	70.0	1	2	4	2	0	0	0	0	0	1	1	1	0	1	0	0	0	0	0	0	0	0	0	0	0	1	0	0	0	0	0	0	1	0	0	1	1	0	0	0	1	1	1	1	1	55	2	2
262	5	160.0	50.0	3	2	2	2	1	0	0	0	0	0	0	1	0	1	0	0	0	0	0	0	0	0	0	0	0	1	0	0	0	1	0	0	1	0	0	1	0	0	0	1	1	1	1	1	1	64	4	1
263	4	166.0	68.0	2	2	2	2	1	0	0	0	0	1	0	1	0	0	0	0	0	0	0	0	0	0	0	0	0	1	0	0	0	0	0	0	0	0	1	0	0	0	0	0	1	1	0	1	0	65	2	1
264	3	181.0	70.0	1	1	2	2	1	0	0	0	0	1	0	1	0	1	0	0	0	0	0	0	0	0	0	0	0	1	0	0	0	0	0	0	1	0	0	1	1	0	0	0	1	0	1	1	0	42	3	1
265	3	170.0	64.0	2	2	2	2	1	0	0	0	0	0	0	0	0	0	0	0	0	0	0	0	1	0	0	0	0	0	1	0	0	0	0	0	0	0	0	1	0	0	0	0	1	1	1	1	0	55	4	1
266	2	168.0	56.0	2	3	3	3	1	0	0	0	0	1	0	1	0	0	0	0	0	0	0	0	1	0	0	0	0	1	0	0	0	0	0	0	0	0	0	1	0	0	0	0	1	1	0	1	0	62	2	2
267	3	172.0	63.0	2	3	3	3	0	0	0	0	0	0	0	0	0	0	0	0	0	0	0	0	1	0	0	0	0	0	0	0	0	0	0	0	1	0	0	0	1	0	0	0	1	0	0	1	1	25	1	2
268	7	180.0	77.0	1	1	5	3	1	0	0	0	0	0	1	1	0	1	0	0	0	0	0	0	1	0	0	0	0	1	0	0	0	0	0	0	0	0	0	0	1	0	1	1	1	1	1	1	1	42	4	2
269	6	165.0	74.0	2	2	5	2	1	0	0	0	0	1	0	1	0	0	0	0	0	0	0	0	1	0	0	0	0	0	1	0	0	0	0	0	0	0	1	0	0	0	1	0	1	1	0	1	0	65	2	1
270	6	153.0	73.0	2	3	2	1	1	0	0	0	0	0	0	0	0	0	0	0	0	0	0	0	1	0	0	0	0	1	0	0	0	0	0	0	0	0	1	0	0	0	0	0	1	1	0	0	0	42	1	1
271	5	176.0	77.0	1	1	2	2	1	0	0	0	0	1	1	1	0	1	0	0	0	0	0	1	1	0	0	0	0	1	1	0	0	0	0	0	1	0	1	1	1	0	0	0	1	1	0	1	0	8	4	2
272	7	159.0	70.0	2	1	2	2	1	0	0	0	0	0	0	1	0	0	0	0	0	0	0	0	1	0	0	0	0	0	1	0	0	0	0	0	0	0	1	1	0	0	1	0	1	0	0	1	0	65	3	2
273	5	165.0	67.0	2	1	3	3	1	0	0	0	0	0	1	1	0	1	0	0	0	0	0	0	1	0	0	0	0	1	0	0	0	0	0	0	0	0	1	1	1	0	0	0	1	1	0	1	0	65	3	2
274	7	151.0	44.7	2	1	4	2	0	0	0	0	0	0	0	0	0	1	0	0	0	0	0	0	0	0	0	0	0	1	1	0	0	0	0	0	1	0	0	1	0	0	1	1	0	0	1	0	0	65	2	1
275	8	158.0	61.0	2	3	1	1	1	0	0	0	0	0	0	1	0	0	0	0	0	0	0	0	0	0	0	0	0	1	0	0	0	0	0	0	0	0	1	0	0	0	0	0	1	1	0	0	0	42	1	1
276	6	175.0	68.0	1	1	2	2	1	0	0	0	0	1	0	1	0	1	0	0	0	0	0	0	0	0	0	0	0	1	0	0	0	0	0	0	1	0	0	1	1	0	0	0	1	0	1	0	0	3	5	2
277	8	155.0	63.0	2	3	2	2	0	0	0	0	0	0	0	1	0	0	0	0	0	0	0	0	0	0	0	0	0	1	0	0	0	0	0	0	0	0	1	0	0	0	1	0	0	1	0	0	0	47	1	1
278	7	180.0	88.0	1	2	2	2	1	0	0	0	0	0	0	1	0	0	0	0	0	0	0	0	0	0	0	0	0	0	1	0	0	0	0	0	0	0	0	1	0	0	1	0	0	1	0	1	0	6	4	2
279	3	155.0	15.0	2	1	3	4	1	0	0	0	0	1	0	1	0	0	0	0	0	0	0	0	0	0	0	0	0	1	0	0	0	1	0	0	0	0	0	1	1	0	0	1	1	0	1	1	0	57	4	2
280	3	180.0	76.0	1	2	2	2	1	0	0	0	0	1	0	1	0	1	0	0	0	0	0	0	0	0	0	0	0	1	0	0	0	0	0	0	1	0	0	1	1	0	0	0	1	1	1	1	1	55	3	2
281	3	161.0	58.0	2	1	3	3	1	0	0	0	0	0	0	1	0	1	0	0	0	0	0	0	1	0	0	0	0	1	0	0	0	0	0	0	1	0	1	1	0	0	0	1	1	1	0	1	0	3	5	1
282	3	172.0	80.0	1	2	3	3	1	0	0	0	0	0	0	0	0	1	0	0	0	0	0	0	0	0	0	0	0	1	0	0	0	0	0	0	1	0	0	0	1	0	1	1	0	1	1	1	1	8	1	2
283	3	194.0	110.0	3	2	2	2	1	0	0	0	0	1	0	1	0	1	0	0	0	0	0	0	0	0	0	0	0	0	0	0	0	1	0	0	1	0	0	0	1	1	0	1	1	1	1	1	1	8	2	1
284	2	170.0	65.0	1	2	3	4	1	0	0	0	0	0	0	0	0	1	0	0	0	0	0	0	0	0	0	0	0	0	0	0	0	0	0	0	1	0	0	0	1	0	1	0	0	1	1	1	1	42	3	2
285	8	165.0	60.0	2	1	3	2	0	0	0	0	0	0	0	1	0	0	0	0	0	0	0	0	0	0	0	0	0	0	1	0	0	0	0	0	0	0	0	1	0	0	0	0	1	1	1	1	1	55	4	1
286	2	160.0	65.0	2	2	3	2	1	0	0	0	0	0	0	0	0	0	0	0	0	0	0	0	1	0	0	0	0	1	0	0	0	0	0	0	1	0	0	1	1	0	1	1	0	1	1	1	0	55	4	2
287	2	175.0	62.0	1	3	3	2	1	0	0	0	0	1	1	1	0	1	0	0	0	0	0	0	0	0	0	0	0	1	1	0	0	0	0	0	1	0	0	1	0	0	0	0	1	1	0	1	0	57	4	2
288	4	186.0	57.0	1	2	2	1	1	0	0	0	0	0	0	1	0	0	0	0	0	0	0	0	0	0	0	0	0	1	0	0	0	0	0	0	0	0	1	0	0	0	0	1	0	0	1	1	0	42	2	1
289	2	163.0	74.0	2	1	3	3	1	0	0	0	0	1	1	1	0	0	0	0	0	0	0	0	1	0	0	0	0	1	1	0	0	1	0	0	0	0	0	1	0	0	0	0	1	1	1	1	1	55	1	1
290	4	166.0	60.0	1	2	2	3	0	0	0	0	1	0	0	0	0	0	0	0	0	0	0	0	0	0	0	0	0	0	0	1	0	0	0	0	0	0	1	0	0	0	0	0	1	1	1	1	0	15	2	1
291	3	163.0	44.0	2	3	2	1	1	0	0	0	0	1	1	1	0	1	0	0	0	0	0	0	0	0	0	0	0	1	1	0	0	1	0	0	0	0	1	1	0	0	1	0	1	1	1	1	1	3	4	2
292	4	173.0	100.0	2	1	2	2	1	0	0	0	0	0	0	0	0	0	0	0	0	0	0	0	1	0	0	0	0	1	1	0	0	0	0	0	1	0	0	0	1	0	1	0	0	0	1	0	0	3	5	2
293	5	188.0	81.0	1	2	2	2	0	0	0	0	0	0	0	1	0	0	0	0	0	0	0	0	0	0	0	0	0	0	0	0	0	0	0	0	1	0	1	1	0	0	0	0	1	0	1	0	0	8	3	2
294	3	160.0	55.0	2	1	3	2	1	0	0	1	0	0	1	0	0	0	1	0	0	1	0	0	1	0	0	0	0	1	0	0	0	0	0	0	0	0	1	1	1	0	0	0	1	1	1	1	0	57	3	2
295	3	157.0	40.0	2	1	2	4	1	0	0	0	0	1	1	1	0	1	0	0	0	0	0	0	0	0	0	0	0	0	1	0	0	0	0	0	1	0	1	1	1	0	0	1	1	1	0	1	0	3	2	2
296	4	170.0	72.0	1	1	3	3	0	0	0	0	0	0	0	1	0	0	0	0	0	0	0	0	1	0	0	0	0	1	0	0	0	0	0	0	1	0	0	1	1	0	0	1	1	1	1	1	0	8	1	1
297	3	165.0	78.0	1	1	3	2	1	0	0	0	0	0	0	1	0	1	0	0	0	0	0	0	1	0	0	0	0	0	1	0	0	0	0	0	1	0	1	1	0	0	1	0	1	1	1	1	1	64	3	2
298	5	165.0	57.0	2	2	2	1	0	0	0	0	0	0	0	1	0	0	0	0	0	0	0	0	0	0	0	0	0	1	1	0	0	0	0	0	0	0	1	1	1	0	1	0	0	1	0	1	0	42	1	2
